<?xml version="1.0" encoding="UTF-8"?>
<project-private xmlns="http://www.netbeans.org/ns/project-private/1">
    <editor-bookmarks xmlns="http://www.netbeans.org/ns/editor-bookmarks/2" lastBookmarkId="0"/>
    <open-files xmlns="http://www.netbeans.org/ns/projectui-open-files/2">
        <group>
            <file>file:/home/jose/Escritorio/escuela%2010mo/prog%20avanzada/Seccion_5%20Sentencias%20de%20decision/Leccion_5_3/SwitchEx/src/com/example/SwitchEx1.java</file>
            <file>file:/home/jose/Escritorio/escuela%2010mo/prog%20avanzada/Seccion_5%20Sentencias%20de%20decision/Leccion_5_3/SwitchEx/src/com/example/SwitchEx2.java</file>
        </group>
    </open-files>
</project-private>
