<?xml version="1.0" encoding="UTF-8"?>
<project-private xmlns="http://www.netbeans.org/ns/project-private/1">
    <editor-bookmarks xmlns="http://www.netbeans.org/ns/editor-bookmarks/2" lastBookmarkId="0"/>
    <open-files xmlns="http://www.netbeans.org/ns/projectui-open-files/2">
        <group>
            <file>file:/home/jose/Escritorio/escuela%2010mo/prog%20avanzada/Seccion_6%20Construccion%20de%20bucles/Leccion_6_1/ForLoopsEx/src/com/example/InfiniteLoop.java</file>
            <file>file:/home/jose/Escritorio/escuela%2010mo/prog%20avanzada/Seccion_6%20Construccion%20de%20bucles/Leccion_6_1/ForLoopsEx/src/com/example/Countdown.java</file>
            <file>file:/home/jose/Escritorio/escuela%2010mo/prog%20avanzada/Seccion_6%20Construccion%20de%20bucles/Leccion_6_1/ForLoopsEx/src/com/example/ScopeTest.java</file>
        </group>
    </open-files>
</project-private>
