<?xml version="1.0" encoding="UTF-8"?>
<project-private xmlns="http://www.netbeans.org/ns/project-private/1">
    <editor-bookmarks xmlns="http://www.netbeans.org/ns/editor-bookmarks/2" lastBookmarkId="0"/>
    <open-files xmlns="http://www.netbeans.org/ns/projectui-open-files/2">
        <group>
            <file>file:/home/jose/Escritorio/escuela%2010mo/prog%20avanzada/Seccion_7%20Creaci├│n%20de%20clases/Leccion_7_3/PrisonTest_Student_7_3/src/prisontest/Prisoner.java</file>
            <file>file:/home/jose/Escritorio/escuela%2010mo/prog%20avanzada/Seccion_7%20Creaci├│n%20de%20clases/Leccion_7_3/PrisonTest_Student_7_3/src/prisontest/PrisonTest.java</file>
        </group>
    </open-files>
</project-private>
